{
  "aliens_times_hamburgers": {
    "0": 17.02491340568007,
    "1": 17.339303906737733,
    "2": 19.309906845199098,
    "3": 24.70433236212874,
    "4": 37.03369624903044,
    "5": 47.4257930437356,
    "6": 61.052651636840224,
    "7": 62.569466717547144,
    "8": 72.12399835631071,
    "9": 75.49384194570351,
    "10": 84.04323118730298,
    "12": 93.56354019160581,
    "14": 94.21096126263924,
    "15": 97.6326061465764,
    "16": 98.69401717067183,
    "18": 99.66325696240403,
    "20": 100.0
  },
  "aliens_times_ufos": {
    "0": 67.81991929701913,
    "1": 79.14589082494336,
    "2": 90.80436002882566,
    "3": 95.80395473377611,
    "4": 98.81659100575182,
    "6": 99.77793071893868,
    "8": 100.0
  },
  "citizen_dog_pairs": {
    "0": 2.723302464053767,
    "1": 19.520516031028567,
    "2": 61.76803407508823,
    "3": 94.02887189681061,
    "4": 99.65695091301085,
    "5": 100.0
  },
  "largest_citizen_group": {
    "0": 2.723302464053767,
    "1": 45.38307848719276,
    "2": 75.32898309348158,
    "3": 90.55816244523372,
    "4": 97.12640335874204,
    "5": 99.55815613918432,
    "6": 100.0
  },
  "largest_dog_group": {
    "1": 30.59949159228448,
    "2": 66.25485828555333,
    "3": 88.24429775483621,
    "4": 97.33317171162297,
    "5": 100.0
  },
  "largest_house_group": {
    "1": 25.963249044808684,
    "2": 62.14508327838896,
    "3": 85.60365708824476,
    "4": 96.72427009229955,
    "5": 100.0
  },
  "largest_safe_zone_size": {
    "1": 0.18741228460462123,
    "2": 1.415638021554077,
    "3": 5.906543647320875,
    "4": 13.154191315729179,
    "5": 22.78219746202532,
    "6": 40.44016925436571,
    "7": 71.43044322418496,
    "8": 94.69815393907375,
    "9": 100.0
  },
  "longest_road_size": {
    "2": 0.0037836296359097282,
    "3": 3.911572371375861,
    "4": 29.09530612716779,
    "5": 61.95448293548001,
    "6": 79.95846415466357,
    "7": 89.38499202284751,
    "8": 95.64682900306263,
    "9": 98.2972615630174,
    "10": 99.63120121132202,
    "11": 100.0
  },
  "max_agents_on_one_road": {
    "0": 5.014570477459026,
    "1": 62.772640293833874,
    "2": 94.75722936012517,
    "3": 99.71269814132698,
    "4": 100.0
  },
  "max_aliens_between_two_agents": {
    "0": 98.3199893423386,
    "1": 99.80519015016105,
    "2": 99.98827496310962,
    "3": 99.99989161477606,
    "4": 100.0
  },
  "max_aliens_on_one_road": {
    "0": 6.467764526510281,
    "1": 67.1257762571635,
    "2": 95.33614440082371,
    "3": 99.66628955907402,
    "4": 100.0
  },
  "max_aliens_running_towards_agent": {
    "0": 62.740947742732104,
    "1": 96.85048988588503,
    "2": 99.84007582301827,
    "3": 99.9958013042224,
    "4": 100.0
  },
  "max_hamburgers_in_front_of_alien": {
    "0": 52.30704986680441,
    "1": 83.01368192937173,
    "2": 95.59855234947197,
    "3": 99.12370662762726,
    "4": 99.86349113689137,
    "5": 99.98549772859604,
    "6": 99.99941756627132,
    "7": 100.0
  },
  "max_roads_of_same_length": {
    "1": 35.63527491923002,
    "2": 89.42563100782581,
    "3": 98.94436733158119,
    "4": 99.95123321802605,
    "5": 100.0
  },
  "total_agents": {
    "0": 3.5507962788703202,
    "1": 22.356346443142908,
    "2": 56.393528311709424,
    "3": 88.62024339949313,
    "4": 98.78727663447545,
    "5": 100.0
  },
  "total_boys": {
    "0": 8.746770777206574,
    "1": 41.37679275729207,
    "2": 79.76108480865695,
    "3": 97.00728909242636,
    "4": 100.0
  },
  "total_captured_aliens": {
    "0": 48.73132303631374,
    "1": 88.25339814499675,
    "2": 99.02784940812471,
    "3": 99.98666013275285,
    "4": 100.0
  },
  "total_curves": {
    "1": 0.3632284450473339,
    "2": 1.7085189822596818,
    "3": 5.268914469650736,
    "4": 12.430904967134973,
    "5": 24.491014229950792,
    "6": 39.89031678088791,
    "7": 58.99764644223203,
    "8": 77.22738422969154,
    "9": 89.53216820896286,
    "10": 97.92467914470352,
    "11": 100.0
  },
  "total_dogs": {
    "1": 3.45893815937629,
    "2": 21.715721892011008,
    "3": 59.387920832454576,
    "4": 87.61905295750213,
    "5": 98.7763461488606,
    "6": 100.0
  },
  "total_food_chain_sets": {
    "0": 84.67500373107923,
    "1": 99.66416249905409,
    "2": 99.99990146797823,
    "3": 100.0
  },
  "total_girls": {
    "0": 23.403430911273183,
    "1": 67.76964141701134,
    "2": 94.046598902327,
    "3": 100.0
  },
  "total_houses": {
    "1": 2.5056036255579976,
    "2": 16.372396039520712,
    "3": 50.27014414928241,
    "4": 84.35798461464083,
    "5": 97.98486688280067,
    "6": 100.0
  },
  "total_roads": {
    "1": 0.036049582364362134,
    "2": 2.7214807164512917,
    "3": 28.608689315660513,
    "4": 83.7646554339578,
    "5": 99.9899103209709,
    "6": 100.0
  },
  "total_tiles_without_roads": {
    "0": 51.100650854364595,
    "1": 86.132436846667,
    "2": 97.3274962671691,
    "3": 100.0
  }
}