{
  "aliens_times_hamburgers": {
    "0": 17.017675399780273,
    "1": 17.330665588378906,
    "2": 19.301469802856445,
    "3": 24.695688247680664,
    "4": 37.02717590332031,
    "5": 47.42035675048828,
    "6": 61.04977035522461,
    "7": 62.566585540771484,
    "8": 72.12288665771484,
    "9": 75.49384307861328,
    "10": 84.04322814941406,
    "12": 93.56353759765625,
    "14": 94.2109603881836,
    "15": 97.63260650634766,
    "16": 98.69401550292969,
    "18": 99.66325378417969,
    "20": 100.0
  },
  "aliens_times_ufos": {
    "0": 67.8177261352539,
    "1": 79.14250183105469,
    "2": 90.80223083496094,
    "3": 95.80274200439453,
    "4": 98.8166732788086,
    "6": 99.7779312133789,
    "8": 100.0
  },
  "citizen_dog_pairs": {
    "0": 2.7233023643493652,
    "1": 19.52051544189453,
    "2": 61.768035888671875,
    "3": 94.02886962890625,
    "4": 99.65695190429688,
    "5": 100.0
  },
  "largest_citizen_group": {
    "0": 2.7233023643493652,
    "1": 45.383079528808594,
    "2": 75.3289794921875,
    "3": 90.55815887451172,
    "4": 97.12640380859375,
    "5": 99.55815887451172,
    "6": 100.0
  },
  "largest_dog_group": {
    "1": 30.599491119384766,
    "2": 66.2548599243164,
    "3": 88.24430084228516,
    "4": 97.33316802978516,
    "5": 100.0
  },
  "largest_house_group": {
    "1": 25.96324920654297,
    "2": 62.145084381103516,
    "3": 85.6036605834961,
    "4": 96.72427368164062,
    "5": 100.0
  },
  "largest_safe_zone_size": {
    "1": 0.187412291765213,
    "2": 1.4156379699707031,
    "3": 5.906543731689453,
    "4": 13.154191017150879,
    "5": 22.782197952270508,
    "6": 40.44017028808594,
    "7": 71.4304428100586,
    "8": 94.69815063476562,
    "9": 100.0
  },
  "longest_road_size": {
    "2": 0.0037836297415196896,
    "3": 3.9115724563598633,
    "4": 29.095306396484375,
    "5": 61.95448303222656,
    "6": 79.95846557617188,
    "7": 89.38499450683594,
    "8": 95.6468276977539,
    "9": 98.2972640991211,
    "10": 99.6312026977539,
    "11": 100.0
  },
  "max_agents_on_one_road": {
    "0": 5.014570713043213,
    "1": 62.772640228271484,
    "2": 94.75723266601562,
    "3": 99.71269989013672,
    "4": 100.0
  },
  "max_aliens_between_two_agents": {
    "0": 98.31999206542969,
    "1": 99.80519104003906,
    "2": 99.98827362060547,
    "3": 99.99989318847656,
    "4": 100.0
  },
  "max_aliens_on_one_road": {
    "0": 6.467764377593994,
    "1": 67.12577819824219,
    "2": 95.33614349365234,
    "3": 99.66629028320312,
    "4": 100.0
  },
  "max_aliens_running_towards_agent": {
    "0": 62.74094772338867,
    "1": 96.8504867553711,
    "2": 99.84007263183594,
    "3": 99.99580383300781,
    "4": 100.0
  },
  "max_hamburgers_in_front_of_alien": {
    "0": 52.300987243652344,
    "1": 83.01139068603516,
    "2": 95.59774780273438,
    "3": 99.12347412109375,
    "4": 99.86347198486328,
    "5": 99.9854965209961,
    "6": 99.99942016601562,
    "7": 100.0
  },
  "max_roads_of_same_length": {
    "1": 35.635276794433594,
    "2": 89.42562866210938,
    "3": 98.94436645507812,
    "4": 99.95123291015625,
    "5": 100.0
  },
  "total_agents": {
    "0": 3.5507962703704834,
    "1": 22.356346130371094,
    "2": 56.39352798461914,
    "3": 88.62024688720703,
    "4": 98.78727722167969,
    "5": 100.0
  },
  "total_boys": {
    "0": 8.746770858764648,
    "1": 41.376792907714844,
    "2": 79.7610855102539,
    "3": 97.00728607177734,
    "4": 100.0
  },
  "total_captured_aliens": {
    "0": 48.7313232421875,
    "1": 88.26696014404297,
    "2": 99.03219604492188,
    "3": 99.98680114746094,
    "4": 100.0
  },
  "total_curves": {
    "1": 0.363228440284729,
    "2": 1.7085189819335938,
    "3": 5.268914699554443,
    "4": 12.43090534210205,
    "5": 24.49101448059082,
    "6": 39.890316009521484,
    "7": 58.99764633178711,
    "8": 77.22738647460938,
    "9": 89.53216552734375,
    "10": 97.9246826171875,
    "11": 100.0
  },
  "total_dogs": {
    "1": 3.4589381217956543,
    "2": 21.715721130371094,
    "3": 59.38792037963867,
    "4": 87.61905670166016,
    "5": 98.7763442993164,
    "6": 100.0
  },
  "total_food_chain_sets": {
    "0": 84.67500305175781,
    "1": 99.6640853881836,
    "2": 99.9999008178711,
    "3": 100.0
  },
  "total_girls": {
    "0": 23.403430938720703,
    "1": 67.76963806152344,
    "2": 94.04660034179688,
    "3": 100.0
  },
  "total_houses": {
    "1": 2.505603551864624,
    "2": 16.37239646911621,
    "3": 50.270145416259766,
    "4": 84.35798645019531,
    "5": 97.98486328125,
    "6": 100.0
  },
  "total_roads": {
    "1": 0.036049582064151764,
    "2": 2.72148060798645,
    "3": 28.60869026184082,
    "4": 83.76465606689453,
    "5": 99.98991394042969,
    "6": 100.0
  },
  "total_tiles_without_roads": {
    "0": 51.100650787353516,
    "1": 86.13243865966797,
    "2": 97.32749938964844,
    "3": 100.0
  }
}