{
  "aliens_times_hamburgers": {
    "0": 0.0,
    "1": 6.25,
    "2": 12.5,
    "3": 18.75,
    "4": 25.0,
    "5": 31.25,
    "6": 37.5,
    "7": 43.75,
    "8": 50.0,
    "9": 56.25,
    "10": 62.5,
    "12": 68.75,
    "14": 75.0,
    "15": 81.25,
    "16": 87.5,
    "18": 93.75,
    "20": 100.0
  },
  "aliens_times_ufos": {
    "0": 0.0,
    "1": 16.66666603088379,
    "2": 33.33333206176758,
    "3": 50.0,
    "4": 66.66666412353516,
    "6": 83.33333587646484,
    "8": 100.0
  },
  "citizen_dog_pairs": {
    "0": 0.0,
    "1": 20.0,
    "2": 40.0,
    "3": 60.0,
    "4": 80.0,
    "5": 100.0
  },
  "largest_citizen_group": {
    "0": 0.0,
    "1": 16.66666603088379,
    "2": 33.33333206176758,
    "3": 50.0,
    "4": 66.66666412353516,
    "5": 83.33333587646484,
    "6": 100.0
  },
  "largest_dog_group": {
    "1": 0.0,
    "2": 25.0,
    "3": 50.0,
    "4": 75.0,
    "5": 100.0
  },
  "largest_house_group": {
    "1": 0.0,
    "2": 25.0,
    "3": 50.0,
    "4": 75.0,
    "5": 100.0
  },
  "largest_safe_zone_size": {
    "1": 0.0,
    "2": 12.5,
    "3": 25.0,
    "4": 37.5,
    "5": 50.0,
    "6": 62.5,
    "7": 75.0,
    "8": 87.5,
    "9": 100.0
  },
  "longest_road_size": {
    "2": 0.0,
    "3": 11.11111068725586,
    "4": 22.22222137451172,
    "5": 33.33333206176758,
    "6": 44.44444274902344,
    "7": 55.55555725097656,
    "8": 66.66666412353516,
    "9": 77.77777862548828,
    "10": 88.88888549804688,
    "11": 100.0
  },
  "max_agents_on_one_road": {
    "0": 0.0,
    "1": 25.0,
    "2": 50.0,
    "3": 75.0,
    "4": 100.0
  },
  "max_aliens_between_two_agents": {
    "0": 0.0,
    "1": 25.0,
    "2": 50.0,
    "3": 75.0,
    "4": 100.0
  },
  "max_aliens_on_one_road": {
    "0": 0.0,
    "1": 25.0,
    "2": 50.0,
    "3": 75.0,
    "4": 100.0
  },
  "max_aliens_running_towards_agent": {
    "0": 0.0,
    "1": 25.0,
    "2": 50.0,
    "3": 75.0,
    "4": 100.0
  },
  "max_hamburgers_in_front_of_alien": {
    "0": 0.0,
    "1": 14.285714149475098,
    "2": 28.571428298950195,
    "3": 42.85714340209961,
    "4": 57.14285659790039,
    "5": 71.42857360839844,
    "6": 85.71428680419922,
    "7": 100.0
  },
  "max_roads_of_same_length": {
    "1": 0.0,
    "2": 25.0,
    "3": 50.0,
    "4": 75.0,
    "5": 100.0
  },
  "total_agents": {
    "0": 0.0,
    "1": 20.0,
    "2": 40.0,
    "3": 60.0,
    "4": 80.0,
    "5": 100.0
  },
  "total_boys": {
    "0": 0.0,
    "1": 25.0,
    "2": 50.0,
    "3": 75.0,
    "4": 100.0
  },
  "total_captured_aliens": {
    "0": 0.0,
    "1": 25.0,
    "2": 50.0,
    "3": 75.0,
    "4": 100.0
  },
  "total_curves": {
    "1": 0.0,
    "2": 10.0,
    "3": 20.0,
    "4": 30.0,
    "5": 40.0,
    "6": 50.0,
    "7": 60.0,
    "8": 70.0,
    "9": 80.0,
    "10": 90.0,
    "11": 100.0
  },
  "total_dogs": {
    "1": 0.0,
    "2": 20.0,
    "3": 40.0,
    "4": 60.0,
    "5": 80.0,
    "6": 100.0
  },
  "total_food_chain_sets": {
    "0": 0.0,
    "1": 33.33333206176758,
    "2": 66.66666412353516,
    "3": 100.0
  },
  "total_girls": {
    "0": 0.0,
    "1": 33.33333206176758,
    "2": 66.66666412353516,
    "3": 100.0
  },
  "total_houses": {
    "1": 0.0,
    "2": 20.0,
    "3": 40.0,
    "4": 60.0,
    "5": 80.0,
    "6": 100.0
  },
  "total_roads": {
    "1": 0.0,
    "2": 20.0,
    "3": 40.0,
    "4": 60.0,
    "5": 80.0,
    "6": 100.0
  },
  "total_tiles_without_roads": {
    "0": 0.0,
    "1": 33.33333206176758,
    "2": 66.66666412353516,
    "3": 100.0
  }
}